2w_bh_task_ratio,2w_bind_yuanbao_get_ratio,2w_bl_task_ratio,2w_bt_task_ratio,2w_chujia_cnt,2w_cjg_die_cnt,2w_create_team_ratio,2w_d_avg_f_bl_task_cnt,2w_d_avg_f_ml_task_cnt,2w_d_avg_merge_equip_cnt,2w_d_avg_xilian_equip_cnt,2w_divorce_cnt,2w_equip_play_time_ratio,2w_exp_play_time_ratio,2w_get_exp_ratio,2w_get_purple_equip_amt,2w_get_skillexp_ratio,2w_get_yl_ratio,2w_get_yp_ratio,2w_guild_chuangong_cnt,2w_hjh_fail_ratio,2w_jj_task_ratio,2w_kickout_team_cnt,2w_kickout_team_ratio,2w_killed_ratio,2w_leisure_task_die_cnt,2w_leisure_yabiao_die_cnt,2w_lw_time_ratio,2w_mh_time_ratio,2w_ml_task_ratio,2w_not_bind_yuanbao_get_ratio,2w_passionfight_die_cnt,2w_pet_play_time_ratio,2w_qmlf_yx_time_ratio,2w_qmlfsxyqt_time_ratio,2w_qy_ratio,2w_shitu_play_cnt,2w_shl_time_ratio,2w_shop_money_get_amt,2w_sjtx_die_cnt,2w_sjtx_time_ratio,2w_szqx_time_ratio,2w_task_giveup_ratio,2w_team_match_ratio,2w_tushi_play_cnt,2w_weiwang_play_time_ratio,2w_wl_time_ratio,2w_wxl_time_ratio,2w_wyc_time_ratio,2w_zjx_time_ratio,2w_zl_time_ratio,2w_zy_time_ratio,acm_get_hero_card_amt,acm_qy_num,acm_sjbl_cnt,acm_up_9_level_skill_amt,addtitle_cnt,baishifail_cnt,churn_friends_ratio,couple_latest_log_time,del_shitu_acm_cnt,deled_shitu_acm_cnt,equip_score_upgrade,f_bl_task_acm_num,f_ml_task_acm_num,friends_chat_num,friends_num,fund,guild_level,kickout_guild_acm_cnt,latest_rare_word_num_sjwq,level_upgrade,low_maintain,nie_lian_time,practice_score_upgrade,shifu_latest_log_time,shop_bankrupt_num,shop_num,skill_avg_level_upgrade,total_score_upgrade,watch_movie_acm_pct_avg,wuxue_score_upgrade
0.0,0.0,0.0,0.0,0.0,0.0,0.0625,0.0,0.0,0.0,0.0,0.0,0.1749802902132,0.3417144318254,0.9943502758098368,0,0.3934527204824311,0.4999265945139676,0.6180182526418718,0.0,0.0,0.0,12.0,0.75,0.0,1.0,1.0,0.0,0.0,0.0,0.5007824726134585,3.0,0.0,0.0326756301804,0.2021052182992,0.0,0.0,0.1069335833457,0.0,0.0,0.0,0.0698046067631,0.02403846153846154,0.0,0.0,0.0,0.0316528520594,0.0,0.0,0.0408472012102,0.0,0.0,212,1.0,0.0,21,21.0,0.0,0.0,-1,2.0,2.0,204.0,43,107,15.0,6.0,17298589.0,1.0,0.0,0.0,0.0,0.0,147,0.0,0,0.0,0.0,0.74,1679.0,79.37231612725425,1475.0
0.0,0.0,0.0,0.0,0.0,0.0,0.7333333333333333,0.0,0.0,0.54,0.0,0.0,0.0454710962082,0.1064035607341,0.9913121399285956,5,0.5276527367447734,0.5182886554098514,0.5607101329476651,0.0,0.0,0.0,0.0,0.0,0.0,0.0,0.0,0.0,0.6139059927067,0.0,0.5102040816326531,0.0,0.0,0.0,0.0676224274076,0.0,0.0,0.0387811333264,0.0,0.0,0.0,0.0288195557777,0.0,0.0,0.0,0.0,0.005836734472,0.0,0.0,0.0108148059584,0.0,0.0008586629856,257,10.0,0.0,11,16.0,0.0,0.0,-1,0.0,0.0,0.0,57,112,13.0,6.0,4629919.0,3.0,0.0,0.0,0.0,0.0,156,0.0,-1,0.0,0.0,0.32,645.0,47.743821269064426,645.0
0.0,0.0,0.0,0.0,0.0,0.0,0.0,0.0,0.0,0.0,0.0,0.0,0.0919337016574,0.3546187845303,0.9808131165786071,0,1.0,0.4380022615759798,0.9589776337534212,0.0,0.0,0.0,0.0,0.0,0.0,9.0,0.0,0.0,0.0,0.0,0.501432664756447,1.0,0.0,0.0,0.21008839779,0.0,0.0,0.1445303867403,0.0,0.0,0.0,0.0919337016574,0.020408163265306117,0.0,0.0,0.0,0.0,0.0,0.0,0.0,0.0,0.0,241,13.0,0.0,16,21.0,0.0,0.0,-1,3.0,3.0,0.0,47,119,0.0,6.0,19577475.0,1.0,0.0,0.0,0.0,0.0,1091,0.0,-1,0.0,0.0,0.0,0.0,63.17446123943258,0.0
0.0,0.0,0.2087912087912088,0.0,0.0,0.0,0.7142857142857143,1.9,5.0,0.0,0.5,0.0,0.0044372294372,0.0,0.6483420833341129,0,0.5014492856008956,0.4973547042687866,0.4726163749888038,0.0,0.0,0.0,1.0,0.14285714285714285,0.0,0.0,0.0,0.0,0.1208284140102,0.5494505494505495,0.4989065660707452,0.0,0.0,0.0,0.0,0.07142857142857142,0.0,0.0,0.0,0.0,0.0,0.0,0.010752688172043013,0.0,0.0,0.0,0.0044372294372,0.0,0.0,0.0,0.0,0.0065230224321,252,36.0,0.0,6,10.0,0.0,1.0,-1,0.0,0.0,14030.0,133,173,3.0,1.0,13604948.0,1.0,1.0,0.0,8.0,0.0,147,1640.0,-1,0.0,0.0,3.4,23909.640957614,96.44850356917915,8399.0
0.005025125628140704,0.0,0.0,0.0,0.0,0.0,0.8461538461538461,0.0,5.9,0.0,0.0,0.0,0.1030140640991,0.1964259018617,0.565635156244491,4,0.4741240357696368,0.5090004894752805,0.5238299910198989,3.0,0.0,0.0,0.0,0.0,0.0,0.0,0.0,0.0,0.0765763175749,0.2964824120603015,0.0,1.0,0.0,0.0,0.1312917581848,0.0,0.0,0.0651341436769,1065841.0,0.0,0.0,0.0545774445428,0.0099009900990099,0.0,0.0,0.0,0.0263572488184,0.0,0.0,0.0220793707379,0.0,0.0,182,12.0,0.0,0,11.0,0.0,0.0,-1,0.0,0.0,2327.0,1,109,0.0,7.0,13697758.0,1.0,0.0,0.0,3.0,0.0,4,507.0,-1,0.0,1.0,2.38,7315.136974736997,35.74547488606935,4682.0
0.0,0.5,0.0,0.0,0.0,0.0,0.8125,0.0,0.0,2.17,0.0,0.0,0.1502555249799,0.1940707949476,0.17206291991210967,0,0.24037106005182915,0.4555832108835378,0.5280770649877441,0.0,0.0,0.0,0.0,0.0,0.0,0.0,0.0,0.0,0.0,0.0,0.0,0.0,0.0,0.0116310868784,0.1155502760353,0.005952380952380952,0.0,0.0590698548891,0.0,0.0,0.0,0.0494812586528,0.0,0.0,0.0,0.0,0.0259541593313,0.0,0.0,0.055369442972599985,0.0,0.0003247474661,393,36.0,0.0,22,53.0,0.0,0.3636363636363637,-1,2.0,2.0,1273.0,243,174,0.0,11.0,3090657.0,1.0,1.0,0.0,1.0,0.0,107,0.0,-1,0.0,0.0,0.87,3328.0,66.0785803938559,1817.0
0.0,0.0,0.053691275167785234,0.0,0.0,0.0,0.07142857142857142,0.57,0.0,0.0,0.0,0.0,0.11568935046360003,0.2312595563851,0.4341306429265212,0,0.5800085723592847,0.5121344489912989,0.7325289085355162,0.0,0.0,0.0,4.0,0.2857142857142857,0.6666666666666666,3.0,1.0,0.0,0.0064040191425,0.0,0.5,2.0,0.0,0.0,0.12700808197139998,0.0,0.0,0.1042514744137,0.0,0.0,0.0,0.05638515459,0.0,0.0,0.0,0.0,0.0251891419607,0.0,0.0,0.034115053912900005,0.0,0.0,214,8.0,0.0,6,14.0,0.0,0.0,-1,2.0,2.0,0.0,37,107,8.0,9.0,14043526.0,1.0,2.0,0.0,1.0,0.0,17,423.0,-1,0.0,0.0,0.0,602.9269373810023,69.08598988791013,289.0
0.0,0.0,0.0,0.0,0.0,0.0,0.0,0.0,0.0,2.89,0.0,0.0,0.0743339889147,0.3835374575362,0.998917620274126,0,1.0,0.1221813792725078,0.2224099778716556,0.0,0.0,0.0,0.0,0.0,0.0,0.0,0.0,0.0,0.0,0.0,0.0,0.0,0.0,0.0,0.2409932057929,0.0,0.0,0.1425442517432,0.0,0.0,0.0,0.0743339889147,0.02158273381294964,0.0,0.0,0.0,0.0,0.0,0.0,0.0,0.0,0.0794072948328,276,10.0,0.0,10,30.0,0.0,0.0,-1,1.0,1.0,1426.0,58,159,5.0,5.0,13179122.0,1.0,0.0,0.0,0.0,0.0,9,0.0,-1,0.0,0.0,0.0,1878.0,70.34930998432708,0.0
0.0,0.0,0.0,0.0,0.0,0.0,0.3888888888888889,0.0,0.0,0.46,0.0,0.0,0.2413359455667,0.0375685049376,1.0,1,1.0,0.4241899391107029,0.4789453413632849,0.0,0.0,0.0,4.0,0.2222222222222222,0.0,0.0,0.0,0.0,0.0454316803897,0.0,0.0,0.0,0.0,0.0,0.0129067273834,0.0,0.0,0.0090413280029,0.0,0.0,0.0,0.0052818299753000005,0.0,0.0,0.0,0.0,0.0193667099097,0.0,0.1637499669058,0.0373169892245,0.0,0.0100209155171,453,64.0,1.0,60,150.0,0.0,0.5,-1,2.0,2.0,0.0,193,204,30.0,4.0,-1.0,-1.0,3.0,0.0,0.0,0.0,206,0.0,-1,1.0,0.0,0.0,0.0,73.02775357620737,0.0
0.0,0.0,0.0,0.0,0.0,0.0,0.0,0.0,0.0,0.0,0.0,0.0,0.0797058655439,0.284266473625,0.9894373386933352,0,1.0,0.481835693858674,0.9426045699323096,0.0,0.0,0.0,10.0,0.9090909090909092,0.0,1.0,0.0,0.0,0.0,0.0,0.0,2.0,0.0,0.0,0.16912731221299998,0.0,0.0,0.1151391614119,0.0,0.0,0.0,0.0797058655439,0.006896551724137931,0.0,0.0,0.0,0.0,0.0,0.0,0.0,0.0,0.0,345,11.0,0.0,15,97.0,0.0,0.2692307692307692,-1,7.0,7.0,278.0,131,197,0.0,26.0,-1.0,-1.0,2.0,0.0,0.0,0.0,47,0.0,-1,0.0,0.0,0.0,278.0,94.41073874950851,0.0
0.0,0.0,0.0,0.0,0.0,0.0,0.0,0.0,0.0,0.2,0.2,0.0,0.0722802436901,0.0,1.0,0,0.1891204880528724,0.295373471524913,0.4684083837257089,0.0,0.0,0.0,0.0,0.0,0.0,0.0,0.0,0.0,0.0201479547432,0.0,0.0,0.0,0.0,0.0,0.0,0.0,0.0,0.0,0.0,0.0,0.0,0.0,0.0,0.0,0.0,0.0,0.0282419495213,0.0,0.0,0.0440382941688,0.0,0.0104873803307,317,39.0,0.0,20,77.0,0.0,0.3333333333333333,-1,1.0,1.0,1306.0,43,125,3.0,3.0,-1.0,-1.0,1.0,0.0,0.0,0.0,423,0.0,-1,0.0,0.0,0.26,819.0,57.94910984974022,515.0
0.0,0.5,0.0,0.0,0.0,0.0,0.0,0.0,0.0,0.55,0.0,0.0,0.2280909090909,0.15129090909089998,0.9927840819357746,0,0.13206013717425732,0.5190059197098205,0.5236608699374199,0.0,0.0,0.0,1.0,0.05263157894736842,0.0,0.0,0.0,0.0,0.0084,0.0,0.0,0.0,0.0,0.0,0.0942545454545,0.0,0.0,0.05703636363630001,0.0,0.0,0.0,0.0405636363636,0.010101010101010102,0.0,0.0,0.0,0.028999999999999998,0.0,0.104709090909,0.0538181818181,0.0,0.0016181818181,362,13.0,0.0,17,49.0,0.0,0.16666666666666666,-1,1.0,1.0,0.0,173,160,6.0,6.0,69286662.0,4.0,0.0,0.0,0.0,0.0,680,0.0,-1,0.0,0.0,0.41,822.0,61.66215687564539,564.0
0.0,0.5,0.008264462809917356,0.0,0.0,0.0,0.0,0.1,0.0,0.7,0.0,0.0,0.0563014510293,0.1893019679033,0.4173851083599995,0,0.7676985647214738,0.4968556790749416,0.5848535528605342,1.0,0.0,0.0,0.0,0.0,0.0,2.0,0.0,0.0,0.0,0.0,0.5011655011655012,1.0,0.0,0.0,0.10812752921589998,0.0,0.0,0.0811744386873,0.0,0.0,0.0,0.047501985552699987,0.016260162601626018,0.0,0.0,0.0,0.0087994654765,0.0,0.0,0.0,0.0,0.0,216,1.0,0.0,11,16.0,0.0,0.0,-1,0.0,0.0,108.0,44,107,0.0,5.0,28789695.0,1.0,0.0,0.0,1.0,0.0,9,0.0,-1,0.0,0.0,0.2,576.0,50.42230771636801,408.0
0.015113350125944584,0.5,0.010075566750629723,0.0,0.0,0.0,0.16981132075471694,0.29,0.0,0.57,0.0,0.0,0.098549439327,0.1477569722989,0.5191943389543459,2,0.6266304442587125,0.5003883525924517,0.4595016936978909,0.0,0.0,0.0025188916876574307,1.0,0.018867924528301886,0.0,0.0,0.0,0.0,0.0036146440113,0.0,0.0,0.0,0.0,0.0045552576945,0.0835936817635,0.0,0.0,0.0569407211819,0.0,9.0,0.004857597807,0.0362069081356,0.005050505050505051,0.0,0.0,0.009265044779929992,0.006355861030999999,0.0,0.0244761117717,0.0111865841614,0.0,0.0160374632992,545,66.0,1.0,23,321.0,0.0,0.6,-1,4.0,4.0,12.0,247,208,15.0,10.0,133512380.0,7.0,1.0,0.0,1.0,0.0,202,0.0,-1,0.0,0.0,0.31,356.0,63.68121719658243,376.0
0.0,0.0,0.0,0.0,0.0,0.0,0.0,0.0,0.0,0.0,0.0,0.0,0.0941514225772,0.2144723766056,0.3393504943358689,3,1.0,0.5679393917356644,0.9934333050597434,0.0,0.0,0.0,1.0,0.1,0.0,2.0,0.0,0.0,0.0177776141926,0.0,0.5,0.0,0.0,0.0,0.1276086716478,0.0,0.0,0.0868637049578,0.0,0.0,0.0,0.056608634841099986,0.0,0.0,0.0,0.0,0.0,0.0,0.0,0.037542787736,0.0,0.0,290,17.0,0.0,16,52.0,0.0,0.05,-1,1.0,1.0,0.0,170,187,0.0,20.0,-1.0,-1.0,5.0,0.0,1.0,0.0,22,0.0,-1,0.0,0.0,0.0,63.0,68.04935816501735,0.0
0.018867924528301886,0.5,0.0,0.0,0.0,0.0,0.13043478260869565,0.0,0.0,4.0,0.0,0.0,0.1368568624702,0.1448105051637,0.9924093313778414,4,0.3918553948516779,0.4827492461632864,0.4793765826500511,0.0,0.0,0.0,3.0,0.13043478260869565,0.0,0.0,0.0,0.0,0.2486938641992,0.0,0.0,0.0,0.0,0.0076732557596,0.0796111967848,0.0,0.0,0.0575260526192,483376.0,0.0,0.0,0.0373475396046,0.0125,0.0,0.0,0.0,0.0119538296182,0.0,0.0325342305715,0.0209729426608,0.0,0.0281508481704,492,48.0,1.0,19,75.0,0.0,0.0,-1,4.0,4.0,0.0,172,203,26.0,9.0,92250146.0,7.0,4.0,0.0,0.0,0.0,3,0.0,-1,0.0,1.0,0.25,289.0,58.3747526781635,347.0
0.0,0.0,0.0,0.0,0.0,0.0,0.18181818181818185,0.0,0.0,0.5,0.0,0.0,0.1213815556656,0.2741524524028,0.9971132189508221,1,0.3385272604936285,0.4936531974352341,0.4970568809759015,1.0,0.0,0.0,0.0,0.0,0.0,0.0,0.0,0.0,0.0064760421827,0.0,0.0,0.0,0.0,0.0184726449147,0.1545933894826,0.0,0.0,0.1010864180055,0.0,4.0,0.0127928374265,0.0678038077712,0.0,0.0,0.0,0.012792837426569469,0.0104041333427,0.0,0.0,0.0193219619222,0.0,0.0,273,2.0,0.0,13,31.0,0.0,0.0,-1,1.0,1.0,878.0,41,155,11.0,5.0,17835000.0,1.0,0.0,0.0,0.0,0.0,51,0.0,-1,0.0,0.0,0.42,2259.0,58.54218903808045,1381.0
0.0,0.0,0.0,0.0,0.0,4.0,0.0,0.0,0.0,0.0,0.0,0.0,0.1158645608284,0.152220070029,0.9850497277728921,0,1.0,0.516305411222471,0.9978568259065604,0.0,0.0,0.0,3.0,0.1875,0.5,0.0,0.0,0.0,0.0,0.0,0.0,0.0,0.0,0.029259479997,0.0797325486105,0.0,0.0,0.0432280414214,0.0,0.0,0.0,0.033040303955799995,0.0,0.0,0.0,0.0,0.0174513894062,0.0,0.0,0.0361133874692,0.0,0.0,280,14.0,0.0,11,46.0,0.0,0.0,-1,1.0,1.0,0.0,123,107,0.0,11.0,59528252.0,5.0,2.0,0.0,0.0,0.0,41,0.0,-1,0.0,0.0,0.0,0.0,83.06905621143471,0.0
0.008968609865470852,0.5,0.004484304932735426,0.0,0.0,0.0,0.09090909090909093,0.08,0.17,0.42,0.0,0.0,0.09208142243689997,0.1573428197861,0.3493228379593167,0,0.4916021767256093,0.5027047244875148,0.5428341157982374,2.0,0.0,0.0,7.0,0.1590909090909091,0.0,2.0,0.0,0.0,0.1309143763564,0.008968609865470852,0.5122950819672131,7.0,0.0,0.0127562702842,0.0847011037293,0.008888888888888889,0.0,0.0544696723324,0.0,0.0,0.0,0.038301995739,0.013157894736842105,0.0,0.0,0.00296009185576521,0.0127562702842,0.0,0.0,0.0228511126892,0.0,0.0106191636081,253,35.0,0.0,12,29.0,0.0,0.0,-1,1.0,1.0,2216.0,65,132,36.0,2.0,95385471.0,7.0,5.0,0.0,5.0,0.0,338,1571.0,-1,0.0,0.0,1.05,6711.5,92.09475085382134,3612.0
0.0,0.0,0.0,0.0,0.0,0.0,0.1111111111111111,0.0,0.0,0.0,0.0,0.0,0.0996859616363,0.1848794771685,0.9968759790373805,0,0.10361107887421847,0.4986945872473286,0.4048699815881469,0.0,0.0,0.0,0.0,0.0,0.0,0.0,0.0,0.0,0.0059412663384,0.0,0.0,2.0,0.0,0.0,0.1171702597182,0.0,0.0,0.0677092174503,0.0,0.0,0.0,0.0553386521812,0.010526315789473684,0.0,0.0,0.0,0.017102359531399998,0.0,0.0,0.0272449499236,0.0,0.0,263,13.0,0.0,19,18.0,0.0,0.0,-1,0.0,0.0,0.0,65,116,6.0,2.0,-1.0,-1.0,0.0,0.0,0.0,0.0,3,0.0,-1,0.0,0.0,0.72,908.0,53.59061295170475,908.0
0.1851851851851852,0.0,0.0,0.0,0.0,0.0,0.4509803921568628,0.0,0.0,0.0,0.0,0.0,0.08065621519739999,0.1794054656043,0.4527987376938494,1,1.0,0.4834962147972493,0.6127994393234948,0.0,0.0,0.0,3.0,0.05882352941176471,0.0,0.0,0.0,0.0,0.08020217596160001,0.0,0.5102040816326531,0.0,0.0,0.0181273023215,0.0998971986635,0.0,0.0,0.0613809646192,99608.0,0.0,0.0,0.046997344298800016,0.024096385542168683,0.0,0.0,0.0,0.0058425426197,0.0,0.0,0.0096890259573,0.0,0.0101858990833,334,33.0,0.0,12,28.0,0.0,0.0,-1,0.0,0.0,0.0,137,174,8.0,8.0,66102316.0,4.0,3.0,0.0,1.0,0.0,512,0.0,-1,0.0,1.0,0.0,0.0,62.81401881214783,0.0
0.0,0.0,0.0,0.0,0.0,0.0,0.375,0.0,0.0,0.0,0.0,0.0,0.0761000285158,0.2167573800166,1.0,0,0.7012447922279388,0.9061923169247832,0.5336776902558973,0.0,0.0,0.0,0.0,0.0,0.0,1.0,0.0,0.0,0.0057775518553,0.0,0.0,0.0,0.0,0.017345053746099997,0.1263498518417,0.0,0.0,0.0730624744287,0.0,0.0,0.0,0.058754974769699986,0.0,0.0,0.0,0.0,0.0,0.0,0.0,0.0,0.0,0.4187237313562,468,86.0,1.0,26,110.0,0.0,0.3076923076923077,-1,2.0,2.0,0.0,220,208,0.0,26.0,13813243.0,1.0,1.0,0.0,0.0,0.0,494,0.0,-1,1.0,0.0,0.0,0.0,66.42108832826494,0.0
0.0,0.0,0.0,0.0,0.0,0.0,0.14285714285714285,0.0,0.0,0.9,0.0,0.0,0.0892302205919,0.0991390289877,0.9964423544888618,0,1.0,0.4999310601707633,0.6053849015763735,0.0,0.0,0.0,2.0,0.2857142857142857,0.0,0.0,0.0,0.0,0.24715981456,0.0,0.0,0.0,0.0,0.0,0.0569565438891,0.0,0.0,0.0421824850985,68250.0,0.0,0.0,0.0279688216414,0.0,0.0,0.0,0.0,0.0214223852463,0.0,0.0,0.0398390137042,0.0,0.00015283509090000002,297,19.0,0.0,15,69.0,0.0,0.09090909090909093,-1,2.0,2.0,0.0,57,107,13.0,11.0,79508000.0,4.0,3.0,0.0,0.0,0.0,2810,0.0,-1,0.0,1.0,0.0,0.0,84.4192387595453,0.0
0.0,0.0,0.0,0.0,0.0,0.0,0.0,0.0,0.0,0.0,0.0,0.0,0.12720298194180002,0.2617522527412,0.9916690417997832,0,1.0,0.41223382850397655,0.9642884699016596,0.0,0.0,0.0,0.0,0.0,0.0,0.0,0.0,0.0,0.004161690732,0.0,0.5,3.0,0.0,0.0,0.1949118807223,0.0,0.0,0.0668403720189,0.0,0.0,0.0,0.048854630333199985,0.15217391304347827,0.0,0.0,0.0,0.0151992183259,0.0,0.0,0.0631491332826,0.0,0.0,222,1.0,0.0,15,15.0,0.0,0.25,-1,0.0,0.0,0.0,37,105,7.0,4.0,43173161.0,3.0,2.0,0.0,0.0,0.0,51,0.0,0,0.0,0.0,0.0,0.0,72.95066676255541,0.0
0.2438423645320197,0.5,0.0,0.0,0.0,0.0,0.26881720430107525,0.0,0.79,2.43,0.36,0.0,0.1630468016032,0.1214929372328,0.5736035242294819,1,0.4533500974068816,0.4756691248635609,0.5297892703849648,14.0,0.0,0.0,14.0,0.15053763440860216,0.5,0.0,0.0,0.0016899498018,0.0095893533162,0.027093596059113302,0.6756756756756757,6.0,0.0,0.0,0.0487861824367,0.004901960784313725,0.0,0.0327483364556,0.0,60.0,0.0200792719874,0.0212522305669,0.0194647201946472,0.053763440860215055,0.0,0.02176922178923436,0.0084831032815,0.0353666468394,0.0504038646483,0.0148370921745,0.0,0.1475315058898,472,57.0,0.0,19,91.0,0.0,0.6666666666666666,-1,2.0,1.0,1496.0,248,197,63.0,3.0,34978188.0,6.0,0.0,0.0,1.0,0.0,207,310.0,-1,0.0,0.0,0.43,2554.0,69.9479500036511,997.0
0.02197802197802198,0.0,0.016483516483516484,0.0,0.0,0.0,0.42105263157894735,0.3,2.4,3.7,0.5,0.0,0.0727222124869,0.14816570975020002,1.0,3,0.4293538656065251,0.5761890157431696,0.4869224447108588,1.0,0.0,0.0,5.0,0.13157894736842105,0.0,0.0,0.0,0.0,0.0058755012214,0.13186813186813187,0.0,0.0,0.0,0.0,0.0742477812251,0.0,0.0,0.051168400111300014,0.0,0.0,0.0,0.0333460464061,0.005376344086021507,0.0,0.0,0.0,0.0055147248306,0.0,0.0,0.0111119128364,0.0,0.029593971941900006,546,149.0,1.0,22,343.0,0.0,0.5454545454545454,0,3.0,3.0,59.0,232,198,54.0,33.0,121424794.0,7.0,1.0,0.0,0.0,0.0,42,0.0,-1,0.0,0.0,0.5,912.0,64.44703774479025,823.0
0.016666666666666666,0.5,0.0,0.0,0.0,0.0,0.4571428571428571,0.0,0.0,2.75,0.0,0.0,0.1162457921123,0.0927536828668,1.0,0,0.28268034429723793,0.6091421777166918,0.5155933485224371,4.0,0.0,0.0,3.0,0.08571428571428573,0.0,0.0,0.0,0.0,0.0021824395968000005,0.0,0.0,0.0,0.0,0.0094297861826,0.0507005425215,0.0,0.0,0.0326233541625,0.0,0.0,0.0,0.0233994585079,0.0,0.0,0.0,0.0,0.0687056691956,0.0,0.0,0.014710878226,0.0,0.034486663441,424,69.0,0.0,17,100.0,0.0,0.5,-1,2.0,2.0,176.0,204,173,9.0,14.0,33612430.0,3.0,1.0,0.0,0.0,0.0,1021,340.0,-1,0.0,0.0,0.44,895.0,77.24570068219165,1233.0
0.0,0.0,0.0,0.0,0.0,0.0,0.1111111111111111,0.0,0.0,0.4,0.0,0.0,0.094784051339,0.1803431113379,0.7937508682025556,1,0.5169866910481362,0.41212825009885146,0.6001534361991402,0.0,0.0,0.0,0.0,0.0,0.0,0.0,0.0,0.0,0.0317769958615,0.0,0.0,14.0,0.0,0.0,0.1166250387413,0.0,0.0,0.0637180725966,0.0,0.0,0.0,0.050974458077300014,0.0,0.0,0.0,0.0,0.017903046434799997,0.0,0.0,0.025906546826800003,0.0,0.0,292,13.0,1.0,20,57.0,0.0,0.21428571428571427,-1,0.0,0.0,0.0,82,168,6.0,14.0,540758.0,1.0,1.0,0.0,0.0,1.0,10,0.0,-1,0.0,0.0,0.37,473.0,49.6549119781185,473.0
0.14385964912280702,0.5,0.1976608187134503,0.0,0.0,1.0,0.18604651162790692,12.07,8.43,3.07,0.57,0.0,0.0937661697337,0.0920892582849,0.5204818168681595,2,0.5109971526234021,0.5096294289977285,0.5030743049549097,5.0,0.5,0.0,7.0,0.08139534883720931,0.6666666666666666,0.0,0.0,0.0,0.042050112290699986,0.13801169590643275,0.5,15.0,0.0025546486206793795,0.0036003478439,0.0417629513641,0.037162162162162164,0.0,0.02192446584,0.0,2.0,0.0026603021691000003,0.020095846731900003,0.02491506228765572,0.08139534883720931,0.0,0.002660302169148622,0.0103188299004,0.0177037420319,0.02537581509,0.0121284855511,0.0,0.0063392129081,305,33.0,0.0,6,36.0,0.0,0.0,-1,0.0,0.0,19131.0,169,127,280.0,1.0,40334997.0,2.0,1.0,0.0,16.0,0.0,149,1448.0,0,0.0,0.0,4.86,34421.327734497005,89.15535633144596,13908.0
0.0,0.0,0.06796116504854369,0.0,0.0,0.0,0.5,0.64,0.73,3.73,0.45,0.0,0.07123547810539999,0.07761394101869999,0.2880953665134419,1,0.8404616922117565,0.6114216441857786,0.4967947594939951,0.0,0.0,0.0,0.0,0.0,0.0,0.0,0.0,0.0147788203753,0.0320822162645,0.07766990291262135,0.5079950799507995,0.0,0.0,0.0,0.0299039320822,0.01904761904761905,0.0,0.0188114387846,0.0,0.0,0.0,0.0130473637176,0.02884615384615385,0.0,0.0,0.034428060768543337,0.0080317247542,0.0,0.0,0.0158623771224,0.0,0.0203418230563,568,73.0,1.0,25,266.0,0.0,0.125,-1,11.0,11.0,0.0,245,215,7.0,8.0,-1.0,-1.0,9.0,0.0,1.0,0.0,747,0.0,-1,0.0,0.0,0.08,200.0,60.7986627737284,145.0
0.02424242424242424,0.0,0.0,0.0,0.0,0.0,0.0,0.0,0.0,0.0,0.0,0.0,0.17228515649280002,0.2840995287183,0.8913979423913971,0,0.4411314372688085,0.5001666111296235,0.4552657542178221,0.0,0.0,0.0,0.0,0.0,0.0,1.0,0.0,0.0,0.0,0.0,0.5,0.0,0.0,0.0175580397667,0.1470796702271,0.0,0.0,0.1194618187244,0.0,0.0,0.0,0.0579589400514,0.13612565445026178,0.0,0.0,0.0,0.0139146221664,0.0,0.0,0.0828535545082,0.0,0.0,228,13.0,0.0,15,21.0,0.0,0.0,-1,0.0,0.0,0.0,38,120,10.0,11.0,16278300.0,1.0,1.0,0.0,0.0,0.0,20,0.0,-1,0.0,0.0,0.36,433.0,88.13538949642725,433.0
0.0,0.0,0.0,0.0,0.0,0.0,0.3125,0.0,0.0,0.0,0.0,0.0,0.06644880174290001,0.26605151864660004,0.9964900906139086,9,1.0,0.4969063197221074,0.9539669586306652,0.0,0.0,0.0,0.0,0.0,0.0,5.0,0.0,0.0,0.053569140074300005,0.0,0.5,0.0,0.0,0.0,0.1395617070357,0.0,0.0,0.1264898116109,686280.0,0.0,0.0,0.06644880174290001,0.2740384615384616,0.0,0.0,0.0,0.0,0.0,0.0,0.0,0.0,0.0,225,10.0,0.0,20,16.0,0.0,0.0,-1,0.0,0.0,0.0,78,129,1.0,6.0,-1.0,-1.0,3.0,0.0,0.0,0.0,79,0.0,-1,0.0,1.0,0.0,0.0,56.72592333435415,0.0
0.0,0.0,0.0,0.0,0.0,0.0,0.0,0.0,0.0,0.0,0.0,0.0,0.0,0.0,1.0,0,0.7813212985348919,0.009146341463414634,0.7895200926231205,0.0,0.0,0.0,0.0,0.0,0.0,0.0,0.0,0.0,0.0089738061873,0.0,0.0,0.0,0.0,0.0,0.0,0.04,0.0,0.0,0.0,0.0,0.0,0.0,0.0,0.0,0.0,0.0,0.0,0.0,0.0,0.0,0.0,0.0015360569149,338,38.0,0.0,15,48.0,0.0,0.16666666666666666,-1,0.0,0.0,0.0,78,174,0.0,6.0,28930434.0,3.0,2.0,0.0,0.0,0.0,96,0.0,0,0.0,0.0,0.14,0.0,63.001495260839405,200.0
0.0,0.0,0.0,0.0,0.0,0.0,1.0,0.0,0.0,0.0,0.0,0.0,0.32578063352490005,0.5021981738247999,0.9987745391231724,7,1.0,0.5057049529734374,0.4154155325734805,0.0,0.0,0.0,0.0,0.0,0.0,0.0,0.0,0.0,0.0,0.0,0.0,0.0,0.0,0.06515612670490001,0.2943580205162,0.0,0.0,0.1426840266035,0.0,0.0,0.0,0.08632059519780001,0.010101010101010102,0.0,0.0,0.0,0.0681433885694,0.0,0.0,0.1061605230526,0.0,0.0,263,13.0,0.0,19,32.0,0.0,0.045454545454545456,-1,1.0,1.0,0.0,75,127,0.0,22.0,19595000.0,1.0,1.0,0.0,0.0,0.0,304,0.0,-1,0.0,0.0,0.0,0.0,48.45579054195289,0.0
0.0,0.0,0.0,0.0,0.0,0.0,0.2,0.0,0.0,0.0,0.0,0.0,0.079083341307,0.146014735432,0.9838432083541859,0,1.0,0.5256282654619694,0.4578655218615843,0.0,0.0,0.0,0.0,0.0,0.0,0.0,0.0,0.0,0.0,0.0,0.0,0.0,0.0,0.056932350971099985,0.0592766242464,0.0,0.0,0.0298057602143,0.0,0.0,0.0,0.0221509903358,0.038461538461538464,0.0,0.0,0.0,0.0,0.0,0.0,0.0,0.0,0.0,435,69.0,0.0,21,80.0,0.0,0.5,-1,1.0,1.0,0.0,163,175,4.0,6.0,-1.0,-1.0,2.0,0.0,0.0,0.0,3260,0.0,-1,0.0,0.0,0.0,0.0,70.64520355339344,0.0
0.2043795620437956,0.0,0.0,0.0,0.0,0.0,0.0,0.0,0.0,0.0,0.0,0.0,0.1189454929391,0.3867460736439,0.9953764448527521,0,1.0,0.5453096581853637,0.6519612985482921,0.0,0.0,0.0,1.0,0.1111111111111111,0.0,0.0,0.0,0.0,0.0,0.0,0.4934210526315789,0.0,0.0,0.0442787382869,0.2239342747789,0.0,0.0,0.118533060578,0.0,0.0,0.0,0.07466675465219999,0.0,0.0,0.0,0.0,0.0,0.0,0.0,0.0,0.0,0.0,207,9.0,0.0,11,86.0,0.0,0.0,-1,0.0,0.0,583.0,56,114,1.0,10.0,97620646.0,7.0,3.0,0.0,0.0,0.0,2,0.0,1,0.0,0.0,0.0,897.0,78.2675658301925,0.0
0.2963917525773196,0.0,0.0,0.0,0.0,0.0,0.2075471698113208,0.0,0.0,4.67,0.25,0.0,0.08936729496950001,0.0437200250225,0.32834505863493474,0,0.2367474602621573,0.4967740259665295,0.4648194943619005,6.0,0.0,0.0,5.0,0.09433962264150944,0.0,0.0,0.0,0.0,0.0231016637494,0.0,0.509683995922528,0.0,0.0,0.0,0.0263179511806,0.005128205128205128,0.0,0.0174020738419,0.0,50.0,0.035777248399699986,0.0116519332478,0.005128205128205128,0.0,0.0,0.053640597256361486,0.0261094295986,0.0,0.0127956425308,0.0110832380242,0.0,0.0703412803225,524,80.0,5.0,22,152.0,0.0,0.2727272727272727,-1,2.0,2.0,55.0,173,183,59.0,11.0,105094441.0,7.0,2.0,0.0,2.0,0.0,128,330.0,0,0.0,1.0,0.41,1972.7215,65.66684211909538,666.0
0.0,0.0,0.0,0.0,0.0,0.0,0.0,0.0,0.0,0.0,0.0,0.0,0.1767595344853,0.6086452718020999,0.2378222165191703,0,1.0,0.35026913716224617,0.8246479953198571,0.0,0.0,0.0,0.0,0.0,0.0,0.0,0.0,0.0,0.0,0.0,0.0,0.0,0.0,0.0,0.3395385157942,0.0,0.0,0.2691067560078,0.0,0.0,0.0,0.1271348682553,0.2222222222222222,0.0,0.0,0.0,0.0046098040203,0.0,0.0,0.045014862209599986,0.0,0.0,250,14.0,0.0,11,42.0,0.0,0.26666666666666666,-1,1.0,1.0,0.0,58,148,0.0,15.0,13411396.0,1.0,1.0,0.0,2.0,0.0,3,0.0,12,0.0,0.0,0.0,125.0,69.31674621755097,0.0
0.0,0.0,0.0,0.0,0.0,0.0,0.0,0.0,0.0,0.0,0.0,0.0,0.3113854595336,0.4638598712672,0.9987888964079074,0,1.0,1.0,0.5501436736689225,0.0,0.0,0.0,0.0,0.0,0.0,0.0,0.0,0.0,0.0,0.0,0.0,0.0,0.0,0.0378811860293,0.2664345256937,0.0,0.0,0.1595441595441,0.0,0.0,0.0,0.0958742218001,0.09243697478991596,0.0,0.0,0.0,0.05978685237940001,0.0,0.0,0.1178431993246,0.0,0.0,212,2.0,0.0,15,15.0,0.0,0.03571428571428571,-1,0.0,0.0,0.0,12,107,1.0,28.0,19895000.0,1.0,0.0,0.0,0.0,0.0,12,0.0,0,0.0,0.0,0.0,0.0,84.89914662828615,0.0
0.003484320557491289,0.0,0.0940766550522648,0.0,0.0,0.0,0.1875,2.25,5.42,0.0,0.0,0.0,0.0667680009007,0.1230710528126,0.5296588985758387,1,0.4673909510382166,0.4948721021493893,0.4096370883767038,4.0,0.0,0.0,6.0,0.125,0.0,2.0,0.0,0.0,0.0285362207334,0.2264808362369338,0.4977600796416127,0.0,0.0,0.0,0.072841799746,0.05901639344262295,0.0,0.0382630561654,0.0,42.0,0.0309131965946,0.036830615449,0.03355704697986577,0.0,0.0,0.030913196594669318,0.008688472292499999,0.0119661969011,0.0,0.009282716257799998,0.0,0.0008444519505999999,250,35.0,0.0,0,20.0,0.0,0.0,-1,0.0,0.0,8423.0,70,109,10.0,0.0,64152117.0,3.0,0.0,0.0,10.0,0.0,94,2215.0,-1,0.0,0.0,3.09,19126.58287281,90.4577154682434,9650.0
0.0,0.5,0.0,0.0,0.0,0.0,0.375,0.0,0.0,0.33,0.0,0.0,0.3805565486831,0.3621439637707,0.997329589896495,0,1.0,0.4999802084196825,0.5713133020825328,0.0,0.0,0.0,0.0,0.0,0.0,0.0,0.0,0.0,0.005511857943,0.0,0.0,0.0,0.0,0.0263973304731,0.1897568823739,0.0,0.0,0.1187581933023,0.0,0.0,0.0,0.0920927183887,0.012195121951219513,0.0,0.0,0.0,0.0747825050649,0.0,0.0,0.160052437135,0.0,0.0,308,52.0,0.0,11,78.0,0.0,0.2962962962962963,-1,2.0,2.0,0.0,197,160,7.0,27.0,94200108.0,5.0,3.0,0.0,0.0,0.0,22,0.0,-1,0.0,0.0,0.0,0.0,59.17382007418978,0.0
0.0,0.0,0.0,0.0,0.0,0.0,0.0,0.0,0.0,0.1,0.0,0.0,0.04852038225380001,0.0396334425926,0.984338493338092,0,0.3293057147847603,0.7730427584790807,0.6081747352905859,0.0,0.0,0.0,1.0,0.125,0.0,0.0,0.0,0.0,0.0053321637966,0.0,0.0,10.0,0.0,0.0,0.0270763122662,0.0,0.0,0.0125571303263,0.0,0.0,0.0,0.0120493052028,0.05,0.0,0.0,0.0,0.0137574442546,0.0,0.0,0.022713632796200003,0.0,0.0,294,15.0,0.0,13,41.0,0.0,0.2727272727272727,-1,1.0,1.0,215.0,142,125,7.0,11.0,11831809.0,3.0,2.0,0.0,0.0,0.0,103,0.0,-1,0.0,0.0,0.48,1248.0,71.17808761634718,1033.0
0.0,0.0,0.0,0.0,0.0,0.0,0.6875,0.0,0.0,0.0,0.0,0.0,0.164459542742,0.3157064049183,0.6510206822636476,5,1.0,0.4839521452993386,0.5348653520917352,0.0,0.0,0.0,1.0,0.0625,0.0,1.0,0.0,0.0,0.0036676837975,0.0,0.4310344827586207,0.0,0.0,0.0,0.2038270176018,0.0,0.0,0.1118793873164,0.0,0.0,0.0,0.08113998827539999,0.022727272727272728,0.0,0.0,0.0,0.021374780164400004,0.0,0.0,0.0619447743021,0.0,0.0,191,1.0,0.0,0,13.0,0.0,0.0,-1,2.0,2.0,990.0,36,107,1.0,4.0,1091409.0,1.0,0.0,0.0,1.0,0.0,4,389.0,-1,0.0,0.0,0.0,1462.0,38.09092448068379,389.0
0.014084507042253518,0.5,0.08763693270735523,0.0,0.0,0.0,0.6594005449591279,4.31,8.92,3.77,0.31,0.0,0.1065231403346,0.0987312464485,0.5222266404054247,5,0.6242963703659419,0.5037272645069215,0.5177718132290219,29.0,0.125,0.003129890453834116,22.0,0.05994550408719345,0.6666666666666666,0.0,0.0,0.0032354911755000004,0.0202864872658,0.1815336463223788,0.5007977308987768,3.0,0.005614404084436564,0.0,0.0286105622036,0.05891016200294553,0.0,0.0167690037401,0.0,119.0,0.0591887101288,0.016048121040399998,0.03880597014925373,0.04087193460490463,0.0,0.0914545716684618,0.0078173368048,0.006513387215699999,0.0448685873243,0.0065621528101,0.0,0.0359423633079,323,40.0,0.0,0,46.0,0.0,0.0,-1,0.0,0.0,0.0,56,116,338.0,2.0,28405917.0,1.0,0.0,0.0,0.0,0.0,115,0.0,-1,0.0,0.0,0.0,0.0,13.179695538256931,0.0
0.0,0.0,0.0,0.0,0.0,0.0,0.16666666666666666,0.0,0.0,0.11,0.0,0.0,0.14763736263729998,0.1145054945054,0.9970750341312672,0,1.0,0.5254937281694163,0.12426790668028365,0.0,0.0,0.0,2.0,0.16666666666666666,0.0,0.0,0.0,0.0,0.0,0.0,0.0,0.0,0.0,0.0217216117216,0.0408058608058,0.046875,0.0,0.028956043956,0.0,0.0,0.0,0.0194688644688,0.06557377049180327,0.0,0.0,0.0,0.027527472527400003,0.0230219780219,0.0,0.0558974358974,0.0,0.008608058608000001,223,21.0,0.0,2,31.0,0.0,0.1,4,1.0,1.0,1254.0,48,99,0.0,10.0,2848511.0,1.0,0.0,0.0,0.0,0.0,2273,0.0,-1,0.0,0.0,0.05,1331.0,70.14011882566125,77.0
0.0,0.0,0.14285714285714285,0.0,0.0,0.0,0.5,0.1,0.0,0.1,0.0,0.0,0.23983493810170006,0.0225584594222,1.0,0,1.0,0.4998087029528825,0.8575206152135644,0.0,0.0,0.0,0.0,0.0,0.0,0.0,0.0,0.0,0.0,0.0,0.0,0.0,0.0,0.0,0.0,0.0,0.0,0.0,0.0,0.0,0.0,0.0,0.0,0.0,0.0,0.0,0.07378266850060003,0.0,0.0,0.14349381017879995,0.0,0.0,336,34.0,0.0,17,91.0,0.0,0.2,-1,3.0,3.0,0.0,216,159,20.0,5.0,-1.0,-1.0,3.0,0.0,0.0,0.0,89,0.0,0,0.0,0.0,0.0,0.0,80.45812244070214,0.0
0.0,0.5,0.0,0.0,0.0,0.0,0.25,0.0,0.0,0.0,0.0,0.0,0.0733932802543,0.2383405200959,0.2664899504977912,5,0.4099062970173329,0.4379303056313813,0.4639966915165246,0.0,0.0,0.0,2.0,0.25,0.0,2.0,0.0,0.0,0.0745412000176,0.0,0.5076142131979695,1.0,0.0,0.0,0.15349747604820002,0.0,0.0,0.0848430440477,509710.0,0.0,0.0,0.0733932802543,0.008,0.0,0.0,0.0,0.0,0.0,0.0,0.0,0.0,0.0,315,18.0,0.0,16,79.0,0.0,0.03448275862068965,-1,1.0,1.0,0.0,146,175,9.0,29.0,49380607.0,4.0,2.0,0.0,1.0,0.0,7,0.0,-1,0.0,1.0,0.12,504.0,56.57630699002344,182.0
0.0,0.0,0.0,0.0,0.0,0.0,0.0,0.0,0.0,0.0,0.0,0.0,0.0,0.0,1.0,0,0.18387543921859387,0.0,0.6720599638149393,0.0,0.0,0.0,0.0,0.0,0.0,0.0,0.0,0.0,0.0103952569169,0.0,0.0,0.0,0.0,0.0,0.0,0.13636363636363635,0.0,0.0,0.0,0.0,0.0,0.0,0.1,0.0,0.0,0.0,0.0,0.0,0.0,0.0,0.0,0.3796837944664,242,41.0,0.0,0,33.0,0.0,0.0,2,0.0,0.0,817.0,64,173,30.0,2.0,-1.0,-1.0,0.0,0.0,0.0,0.0,109,0.0,0,0.0,0.0,0.0,1473.0,80.11616148647947,748.0
0.0,0.0,0.0,0.0,0.0,0.0,0.0,0.0,0.0,0.0,0.0,0.0,0.0,0.34006575857199994,1.0,0,1.0,0.4393361740300516,0.6246072163831401,0.0,0.0,0.0,0.0,0.0,0.0,0.0,0.0,0.0,0.0,0.0,0.0,0.0,0.0,0.0,0.1633943948645,0.0,0.0,0.1766713637075,0.0,0.0,0.0,0.0,0.04651162790697674,0.0,0.0,0.0,0.0,0.0,0.0,0.0,0.0,0.0,217,19.0,0.0,15,12.0,0.0,0.0,-1,0.0,0.0,0.0,41,109,14.0,5.0,-1.0,-1.0,1.0,0.0,0.0,0.0,8,0.0,0,0.0,0.0,0.0,0.0,67.9663575685557,0.0
0.0,0.0,0.0,0.0,0.0,0.0,0.0,0.0,0.0,0.0,0.0,0.0,0.1955136201773,0.31277642949479995,0.9988948559696034,0,1.0,0.4803013420698142,0.9123143198289908,0.0,0.0,0.0,0.0,0.0,0.0,3.0,0.0,0.0,0.0003855837056,0.0,0.5,0.0,0.0,0.0,0.19134024359810006,0.0,0.0,0.1214361858967,0.0,0.0,0.0,0.089750277847,0.009615384615384616,0.0,0.0,0.0,0.0367211776179,0.0,0.0,0.0690421647122,0.0,0.0,230,1.0,0.0,14,18.0,0.0,0.0,-1,0.0,0.0,0.0,40,107,7.0,6.0,5082065.0,1.0,0.0,0.0,0.0,0.0,4,0.0,0,0.0,0.0,0.0,0.0,67.74487945687234,0.0
